{
    "C2": 65.40639,
    "Db2": 69.29565634027087,
    "D2": 73.4161904919217,
    "Eb2": 77.78174435464283,
    "E2": 82.40688755863354,
    "F2": 87.3070560893884,
    "Gb2": 92.49860380386399,
    "G2": 97.99885700995621,
    "Ab2": 103.82617229144232,
    "A2": 109.9999977713728,
    "Bb2": 116.54093801837422,
    "B2": 123.47082281248157,
    "C3": 130.81278,
    "Db3": 138.59131268054173,
    "D3": 146.8323809838434,
    "Eb3": 155.56348870928565,
    "E3": 164.81377511726708,
    "F3": 174.6141121787768,
    "Gb3": 184.99720760772797,
    "G3": 195.99771401991242,
    "Ab3": 207.65234458288467,
    "A3": 219.9999955427456,
    "Bb3": 233.08187603674844,
    "B3": 246.94164562496317,
    "C4": 261.62556,
    "Db4": 277.18262536108347,
    "D4": 293.66476196768673,
    "Eb4": 311.1269774185713,
    "E4": 329.62755023453417,
    "F4": 349.22822435755353,
    "Gb4": 369.99441521545594,
    "G4": 391.9954280398249,
    "Ab4": 415.3046891657693,
    "A4": 439.9999910854912,
    "Bb4": 466.16375207349694,
    "B4": 493.8832912499263,
    "C5": 523.25112,
    "Db5": 554.3652507221669,
    "D5": 587.3295239353735,
    "Eb5": 622.2539548371426,
    "E5": 659.2551004690683,
    "F5": 698.4564487151071,
    "Gb5": 739.9888304309119,
    "G5": 783.9908560796498,
    "Ab5": 830.6093783315386,
    "A5": 879.9999821709824,
    "Bb5": 932.3275041469939,
    "B5": 987.7665824998526,
    "C6": 1046.50224,
    "Db6": 1108.7305014443336,
    "D6": 1174.6590478707474,
    "Eb6": 1244.5079096742852,
    "E6": 1318.5102009381364,
    "F6": 1396.9128974302146,
    "Gb6": 1479.9776608618238,
    "G6": 1567.9817121592991,
    "Ab6": 1661.2187566630776,
    "A6": 1759.9999643419649,
    "Bb6": 1864.6550082939873,
    "B6": 1975.5331649997056,
    "C7": 2093.00448,
    "Db7": 2217.4610028886673,
    "D7": 2349.3180957414947,
    "Eb7": 2489.0158193485704,
    "E7": 2637.020401876273,
    "F7": 2793.825794860429,
    "Gb7": 2959.9553217236476,
    "G7": 3135.9634243185983,
    "Ab7": 3322.437513326155,
    "A7": 3519.9999286839297,
    "Bb7": 3729.3100165879746,
    "B7": 3951.066329999411
}
